{
  "2300kcal_50g": {
    "穀類": 380, "いも類": 80, "豆類": 70, "魚介類": 70, "肉類": 60,
    "卵類": 50, "乳類": 200, "緑黄色野菜": 120, "淡色野菜": 180,
    "きのこ類": 30, "海藻類": 15, "果実類": 150, "油脂類": 25
  },
  "2700kcal_57.5g": {
    "穀類": 460, "いも類": 90, "豆類": 80, "魚介類": 80, "肉類": 80,
    "卵類": 50, "乳類": 200, "緑黄色野菜": 120, "淡色野菜": 180,
    "きのこ類": 30, "海藻類": 15, "果実類": 150, "油脂類": 30
  },
  "3100kcal_65g": {
    "穀類": 520, "いも類": 100, "豆類": 90, "魚介類": 90, "肉類": 90,
    "卵類": 60, "乳類": 200, "緑黄色野菜": 130, "淡色野菜": 200,
    "きのこ類": 40, "海藻類": 20, "果実類": 150, "油脂類": 35
  }
}